0,Sony notebook,laptop,959
1,#10-4 1/8 x 9 1/2 Premium Diagonal Seam Envelopes,Envelopes,16
2,#10- 4 1/8 x 9 1/2 Recycled Envelopes,Envelopes,9
3,#10- 4 1/8 x 9 1/2 Security-Tint Envelopes,Envelopes,8
4,#10 Self-Seal White Envelopes,Envelopes,11
5,12-1/2 Diameter Round Wall Clock,Office Furnishings,20
6,12 Colored Short Pencils,Pens & Art Supplies,3
7,1.7 Cubic Foot Compact Cube Office Refrigerators,Appliances,208
8,210 Trimline PhoneWhite,Office Machines,16
9,2300 Heavy-Duty Transfer File Systems by Perma,Storage & Organization,25
10,24 Capacity Maxi Data Binder RacksPearl,Storage & Organization,211
11,3.5 IBM Formatted DiskettesDS/HD,Computer Peripherals,7
12,3.6 Cubic Foot Counter Height Office Refrigerator,Appliances,295
13,36X48 HARDFLOOR CHAIRMAT,Office Furnishings,21
14,3M Hangers With Command Adhesive,Office Furnishings,4
15,3M Office Air Cleaner,Appliances,26
16,3M Organizer Strips,Binders and Binder Accessories,5
17,3M Polarizing Light Filter Sleeves,Office Furnishings,19
18,3M Polarizing Task Lamp with Clamp ArmLight Gray,Office Furnishings,137
19,4009 Highlighters by Sanford,Pens & Art Supplies,4
20,#6 3/4 Gummed Flap White Envelopes,Envelopes,10
21,6 Cubicle Wall ClockBlack,Office Furnishings,8
22,80 Minute CD-R Spindle100/Pack - Staples,Computer Peripherals,39
23,80 Minute Slim Jewel Case CD-R 10/Pack - Staples,Computer Peripherals,8
24,9-3/4 Diameter Round Wall Clock,Office Furnishings,14
25,Acco 3-Hole Punch,Binders and Binder Accessories,4
26,Acco 6 Outlet Guardian Premium Surge Suppressor,Appliances,15
27,Acco Clips to Go Binder Clips24 Clips in Two Sizes,Rubber Bands,4
28,Acco D-Ring Binder w/DublLock ,Binders and Binder Accessories,21
29,Acco Four Pocket Poly Ring Binder with Label HolderSmoke1,Binders and Binder Accessories,7
30,ACCOHIDE 3-Ring BinderBlue1,Binders and Binder Accessories,4
31,ACCOHIDE Binder by Acco,Binders and Binder Accessories,4
32,Accohide Poly Flexible Ring Binders,Binders and Binder Accessories,4
33,Acco Hot Clips Clips to Go,Rubber Bands,3
34,Acco Keyboard-In-A-Box ,Computer Peripherals,29
35,Acco Perma 2700 Stacking Storage Drawers,Storage & Organization,30
36,Acco Perma 3000 Stacking Storage Drawers,Storage & Organization,21
37,Acco Pressboard Covers with Storage Hooks14 7/8 x 11Dark Blue,Binders and Binder Accessories,4
38,Acco Pressboard Covers with Storage Hooks14 7/8 x 11Light Blue,Binders and Binder Accessories,5
39,Acco PRESSTEX Data Binder with Storage HooksDark Blue14 7/8 X 11,Binders and Binder Accessories,5
40,Acco PRESSTEX Data Binder with Storage HooksDark Blue9 1/2 X 11,Binders and Binder Accessories,5
41,Acco Recycled 2 Capacity Laser Printer Hanging Data Binders,Binders and Binder Accessories,14
42,Acco Six-Outlet Power Strip4' Cord Length,Appliances,9
43,Acco Smartsocket Color-Coded Six-Outlet AC Adapter Model Surge Protectors,Appliances,44
44,Acco Smartsocket Table Surge Protector6 Color-Coded Adapter Outlets,Appliances,62
45,Acco Suede Grain Vinyl Round Ring Binder,Binders and Binder Accessories,3
46,Acme 8 Straight Scissors,ScissorsRulers and Trimmers,13
47,Acme Box Cutter Scissors,ScissorsRulers and Trimmers,10
48,Acme Design Line 8 Stainless Steel Bent Scissors w/Champagne Handles3-1/8 Cut,ScissorsRulers and Trimmers,7
49,Acme Design Stainless Steel Bent Scissors,ScissorsRulers and Trimmers,7
50,Acme Elite Stainless Steel Scissors,ScissorsRulers and Trimmers,8
51,Acme Forged Steel Scissors with Black Enamel Handles,ScissorsRulers and Trimmers,9
52,Acme Galleria Hot Forged Steel Scissors with Colored Handles,ScissorsRulers and Trimmers,16
53,Acme Hot Forged Carbon Steel Scissors with Nickel-Plated Handles3 7/8 Cut8L,ScissorsRulers and Trimmers,14
54,Acme Kleencut Forged Steel Scissors,ScissorsRulers and Trimmers,6
55,Acme Office Executive Series Stainless Steel Trimmers,ScissorsRulers and Trimmers,9
56,Acme Preferred Stainless Steel Scissors,ScissorsRulers and Trimmers,6
57,Adesso Programmable 142-Key Keyboard,Computer Peripherals,152
58,Advantus 10-Drawer Portable OrganizerChrome Metal FrameSmoke Drawers,Storage & Organization,60
59,Advantus Employee of the Month Certificate Frame11 x 13-1/2,Office Furnishings,31
60,Advantus Map Pennant Flags and Round Head Tacks,Rubber Bands,4
61,Advantus Panel Wall Certificate Holder - 8.5x11,Office Furnishings,12
62,Advantus Push PinsAluminum Head,Rubber Bands,6
63,Advantus Push Pins,Rubber Bands,2
64,Advantus Rolling Storage Box,Storage & Organization,17
65,Airmail Envelopes,Envelopes,84
66,Aluminum Document Frame,Office Furnishings,12
67,Ames Color-File Green Diamond Border X-ray Mailers,Envelopes,84
68,Ampad #10 Peel & Seel Holiday Envelopes,Envelopes,4
69,Anderson Hickey Conga Table Tops & Accessories,Tables,15
70,Angle-D Binders with Locking RingsLabel Holders,Binders and Binder Accessories,7
71,APC 7 Outlet Network SurgeArrest Surge Protector,Appliances,80
72,Artistic Insta-Plaque,Office Furnishings,16
73,Assorted Color Push Pins,Rubber Bands,2
74,Atlantic Metals Mobile 2-Shelf BookcasesCustom Colors,Bookcases,241
75,Atlantic Metals Mobile 3-Shelf BookcasesCustom Colors,Bookcases,261
76,Atlantic Metals Mobile 5-Shelf BookcasesCustom Colors,Bookcases,301
77,AT&T 1430 2.4GHz Analog Phone w/Caller ID,Office Machines,41
78,AT&T 2230 Dual Handset Phone With Caller ID/Call Waiting,Office Machines,100
79,AT&T Black Trimline PhoneModel 210,Office Machines,16
80,Avanti 1.7 Cu. Ft. Refrigerator,Appliances,101
81,Avanti 4.4 Cu. Ft. Refrigerator,Appliances,181
82,Avery 05222 Permanent Self-Adhesive File Folder Labels for Typewriterson RollsWhite250/Roll,Labels,4
83,Avery 3 1/2 Diskette Storage Pages10/Pack,Binders and Binder Accessories,10
84,Avery 4027 File Folder Labels for Dot Matrix Printers5000 Labels per BoxWhite,Labels,31
85,Avery 474,Labels,3
86,Avery 478,Labels,5
87,Avery 479,Labels,3
88,Avery 481,Labels,3
89,Avery 482,Labels,3
90,Avery 484,Labels,3
91,Avery 485,Labels,13
92,Avery 487,Labels,4
93,Avery 48,Labels,6
94,Avery 491,Labels,4
95,Avery 492,Labels,3
96,Avery 493,Labels,5
97,Avery 494,Labels,3
98,Avery 496,Labels,4
99,Avery 497,Labels,3
100,Avery 498,Labels,3
101,Avery 49,Labels,3
102,Avery 501,Labels,4
103,Avery 503,Labels,10
104,Avery 504,Labels,3
105,Avery 506,Labels,4
106,Avery 507,Labels,3
107,Avery 508,Labels,5
108,Avery 510,Labels,4
109,Avery 511,Labels,3
110,Avery 514,Labels,3
111,Avery 51,Labels,6
112,Avery 520,Labels,3
113,Avery 52,Labels,4
114,Avery Arch Ring Binders,Binders and Binder Accessories,58
115,Avery Binder Labels,Binders and Binder Accessories,4
116,Avery Binding System Hidden Tab Executive Style Index Sets,Binders and Binder Accessories,6
117,Avery Durable Binders,Binders and Binder Accessories,3
118,Avery Durable Plastic 1 Binders,Binders and Binder Accessories,5
119,Avery Durable Poly Binders,Binders and Binder Accessories,6
120,Avery Durable Slant Ring Binders With Label Holder,Binders and Binder Accessories,4
121,Avery File Folder Labels,Labels,3
122,Avery Flip-Chart Easel BinderBlack,Binders and Binder Accessories,22
123,Avery Hanging File Binders,Binders and Binder Accessories,6
124,Avery Heavy-Duty EZD  Binder With Locking Rings,Binders and Binder Accessories,6
125,Avery Hi-Liter Comfort Grip Fluorescent HighlighterYellow Ink,Pens & Art Supplies,2
126,Avery Hi-Liter EverBold Pen Style Fluorescent Highlighters4/Pack,Pens & Art Supplies,8
127,Avery Hi-Liter Fluorescent Desk Style Markers,Pens & Art Supplies,3
128,Avery Hi-Liter GlideStik Fluorescent HighlighterYellow Ink,Pens & Art Supplies,3
129,Avery Hi-Liter Pen Style Six-Color Fluorescent Set,Pens & Art Supplies,4
130,Avery Hi-Liter Smear-Safe Highlighters,Pens & Art Supplies,6
131,Avery Hole Reinforcements,Binders and Binder Accessories,6
132,Avery Legal 4-Ring Binder,Binders and Binder Accessories,21
133,Avery Non-Stick Binders,Binders and Binder Accessories,4
134,Avery Poly Binder Pockets,Binders and Binder Accessories,4
135,Avery Premier Heavy-Duty Binder with Round Locking Rings,Binders and Binder Accessories,14
136,Avery Printable Repositionable Plastic Tabs,Binders and Binder Accessories,9
137,Avery Reinforcements for Hole-Punch Pages,Binders and Binder Accessories,2
138,Avery Round Ring Poly Binders,Binders and Binder Accessories,3
139,Avery Self-Adhesive Photo Pockets for Polaroid Photos,Binders and Binder Accessories,7
140,Avery Trapezoid Extra Heavy Duty 4 Binders,Binders and Binder Accessories,42
141,Avery Trapezoid Ring Binder3 CapacityBlack1040 sheets,Binders and Binder Accessories,41
142,Avery White Multi-Purpose Labels,Labels,5
143,Bagged Rubber Bands,Rubber Bands,1
144,Balt Solid Wood Rectangular Table,Tables,105
145,Balt Split Level Computer Training Table,Tables,139
146,Barrel Sharpener,Pens & Art Supplies,4
147,Barricks 18 x 48 Non-Folding Utility Table with Bottom Storage Shelf,Tables,101
148,Barricks Non-Folding Utility Table with Steel LegsLaminate Tops,Tables,85
149,BASF Silver 74 Minute CD-R,Computer Peripherals,2
150,Belkin 105-Key Black Keyboard,Computer Peripherals,20
151,Belkin 107-key enhanced keyboardUSB/PS/2 interface,Computer Peripherals,18
152,Belkin 325VA UPS Surge Protector6',Appliances,121
153,Belkin 5 Outlet SurgeMaster Power Centers,Appliances,54
154,Belkin 6 Outlet Metallic Surge Strip,Appliances,11
155,Belkin 7 Outlet SurgeMaster Surge Protector with Phone Protection,Appliances,39
156,Belkin 8 Outlet SurgeMaster II Gold Surge Protector,Appliances,60
157,Belkin 8 Outlet SurgeMaster II Gold Surge Protector with Phone Protection,Appliances,81
158,Belkin 8 Outlet Surge Protector,Appliances,41
159,Belkin ErgoBoard Keyboard,Computer Peripherals,31
160,Belkin F5C206VTEL 6 Outlet Surge,Appliances,23
161,Belkin F9M820V08 8 Outlet Surge,Appliances,43
162,Belkin MediaBoard 104- Keyboard,Computer Peripherals,27
163,Belkin OmniView SE Rackmount Kit,Storage & Organization,35
164,Belkin Premiere Surge Master II 8-outlet surge protector,Appliances,49
165,Berol Giant Pencil Sharpener,Pens & Art Supplies,17
166,Bevis 36 x 72 Conference Tables,Tables,124
167,Bevis Boat-Shaped Conference Table,Tables,262
168,Bevis Rectangular Conference Tables,Tables,146
169,Bevis Round Bullnose 29 High Table Top,Tables,260
170,Bevis Round Conference Table Top & Single Column Base,Tables,146
171,Bevis Round Conference Table TopX-Base,Tables,179
172,Bevis Steel Folding Chairs,Chairs & Chairmats,208
173,Bevis Steel Folding Chairs,Chairs & Chairmats,96
174,Binder Clips by OIC,Rubber Bands,1
175,Binder Posts,Binders and Binder Accessories,6
176,Binding Machine Supplies,Binders and Binder Accessories,29
177,Binney & Smith Crayola Metallic Colored Pencils8-Color Set,Pens & Art Supplies,5
178,Binney & Smith inkTank Erasable Desk HighlighterChisel TipYellow12/Box,Pens & Art Supplies,3
179,Binney & Smith inkTank Erasable Pocket HighlighterChisel TipYellow,Pens & Art Supplies,2
180,Bionaire 99.97% HEPA Air Cleaner,Appliances,18
181,Bionaire Personal Warm Mist Humidifier/Vaporizer,Appliances,47
182,Blackstonian Pencils,Pens & Art Supplies,3
183,Blue String-Tie & Button Interoffice Envelopes10 x 13,Envelopes,40
184,Boston 1645 Deluxe Heavier-Duty Electric Pencil Sharpener,Pens & Art Supplies,44
185,Boston 16701 Slimline Battery Pencil Sharpener,Pens & Art Supplies,16
186,Boston 16765 Mini Stand Up Battery Pencil Sharpener,Pens & Art Supplies,12
187,Boston 16801 Nautilus Battery Pencil Sharpener,Pens & Art Supplies,22
188,Boston 1730 StandUp Electric Pencil Sharpener,Pens & Art Supplies,21
189,Boston 1799 Powerhouse Electric Pencil Sharpener,Pens & Art Supplies,26
190,Boston 19500 Mighty Mite Electric Pencil Sharpener,Pens & Art Supplies,20
191,Boston Electric Pencil SharpenerModel 1818Charcoal Black,Pens & Art Supplies,28
192,Boston KS Multi-Size Manual Pencil Sharpener,Pens & Art Supplies,23
193,Boston Model 1800 Electric Pencil SharpenerGray,Pens & Art Supplies,28
194,BOSTON Ranger #55 Pencil SharpenerBlack,Pens & Art Supplies,26
195,Boston School Pro Electric Pencil Sharpener1670,Pens & Art Supplies,31
196,BoxOffice By Design Rectangular and Half-Moon Meeting Room Tables,Tables,219
197,BPI Conference Tables,Tables,146
198,Bravo II Megaboss 12-Amp Hard Body UprightReplacement Belts2 Belts per Pack,Appliances,3
199,Bretford CR4500 Series Slim Rectangular Table,Tables,348
200,Bretford CR8500 Series Meeting Room Furniture,Tables,3
201,Bretford CR8500 Series Meeting Room Furniture,Tables,401
202,Bretford Just In Time Height-Adjustable Multi-Task Work Tables,Tables,417
203,Bretford Rectangular Conference Table Tops,Tables,376
204,Brites Rubber Bands1 1/2 oz. Box,Rubber Bands,2
205,Brother DCP1000 Digital 3 in 1 Multifunction Machine,Copiers and Fax,300
206,Brown Kraft Recycled Envelopes,Envelopes,17
207,Bush Advantage Collection Racetrack Conference Table,Tables,424
208,Bush Advantage Collection Round Conference Table,Tables,213
209,Bush Cubix Collection BookcasesFully Assembled,Bookcases,221
210,Bush Cubix Conference TablesFully Assembled,Tables,231
211,Bush Heritage Pine Collection 5-Shelf BookcaseAlbany Pine Finish*Special Order,Bookcases,141
212,Bush Mission Pointe Library,Bookcases,151
213,Bush Mission Pointe Library,Bookcases,5
214,Bush Westfield Collection BookcasesDark Cherry FinishFully Assembled,Bookcases,101
215,Bush Westfield Collection BookcasesFully Assembled,Bookcases,101
216,Canon BP1200DH 12-Digit Bubble Jet Printing Calculator,Office Machines,121
217,Canon F603 Scientific Calculator,Office Machines,10
218,Canon imageCLASS 2200 Advanced Copier,Copiers and Fax,3500
219,Canon Image Class D660 Copier,Copiers and Fax,600
220,Canon Imageclass D680 Copier / Fax,Copiers and Fax,700
221,Canon MP100DHII Printing Calculator,Office Machines,141
222,Canon MP25DIII Desktop Whisper-Quiet Printing Calculator,Office Machines,52
223,Canon MP41DH Printing Calculator,Office Machines,151
224,Canon P1-DHIII Palm Printing Calculator,Office Machines,18
225,Canon PC1060 Personal Laser Copier,Copiers and Fax,700
226,Canon PC1080F Personal Copier,Copiers and Fax,600
227,Canon PC-428 Personal Copier,Copiers and Fax,200
228,Canon PC940 Copier,Copiers and Fax,450
229,Canon S750 Color Inkjet Printer,Office Machines,121
230,Cardinal Holdit Business Card Pockets,Binders and Binder Accessories,5
231,Cardinal Poly Pocket Divider Pockets for Ring Binders,Binders and Binder Accessories,3
232,Cardinal Slant-D Ring BinderHeavy Gauge Vinyl,Binders and Binder Accessories,9
233,Career Cubicle Clock8 1/4Black,Office Furnishings,20
234,Carina 42Hx23 3/4W Media Storage Unit,Storage & Organization,81
235,Carina Double Wide Media Storage Towers in Natural & Black,Storage & Organization,81
236,Catalog Binders with Expanding Posts,Binders and Binder Accessories,67
237,Chromcraft 48 x 96 Racetrack Double Pedestal Table,Tables,321
238,Chromcraft Bull-Nose Wood 48 x 96 Rectangular Conference Tables,Tables,551
239,Chromcraft Bull-Nose Wood Oval Conference Tables & Bases,Tables,551
240,Chromcraft Bull-Nose Wood Round Conference Table TopWood Base,Tables,218
241,Chromcraft Rectangular Conference Tables,Tables,237
242,C-Line Cubicle Keepers Polyproplyene Holder w/Velcro Back8-1/2x1125/Bx,Office Furnishings,55
243,C-Line Peel & Stick Add-On Filing Pockets8-3/4 x 5-1/810/Pack,Binders and Binder Accessories,6
244,Col-Erase Pencils with Erasers,Pens & Art Supplies,6
245,Colored Envelopes,Envelopes,4
246,Coloredge Poster Frame,Office Furnishings,14
247,Colored Push Pins,Rubber Bands,2
248,Colorific Watercolor Pencils,Pens & Art Supplies,5
249,Companion Letter/Legal FileBlack,Storage & Organization,38
250,Computer Printout Index Tabs,Binders and Binder Accessories,2
251,Computer Room Manger14,Office Furnishings,32
252,Conquest 14 Commercial Heavy-Duty Upright VacuumCollection SystemAccessory Kit,Appliances,57
253,Contemporary Wood/Metal Frame,Office Furnishings,16
254,Crate-A-Files ,Storage & Organization,11
255,Crayola Anti Dust Chalk12/Pack,Pens & Art Supplies,2
256,Crayola Colored Pencils,Pens & Art Supplies,3
257,Dana Fluorescent Magnifying LampWhite36,Office Furnishings,3
258,Dana Fluorescent Magnifying LampWhite36,Office Furnishings,51
259,Dana Halogen Swing-Arm Architect Lamp,Office Furnishings,41
260,Dana Swing-Arm Lamps,Office Furnishings,11
261,DAX Charcoal/Nickel-Tone Document Frame5 x 7,Office Furnishings,9
262,DAX Clear Channel Poster Frame,Office Furnishings,15
263,DAX Contemporary Wood Frame with Silver Metal MatDesktop11 x 14 Size,Office Furnishings,20
264,DAX Copper Panel Document Frame5 x 7 Size,Office Furnishings,13
265,DAX Cubicle Frames8-1/2 x 11,Office Furnishings,9
266,DAX Cubicle Frames - 8x10,Office Furnishings,6
267,DAX Metal FrameDesktopStepped-Edge,Office Furnishings,20
268,DAX Natural Wood-Tone Poster Frame,Office Furnishings,26
269,DAX Solid Wood Frames,Office Furnishings,10
270,DAX Two-Tone Rosewood/Black Document FrameDesktop5 x 7,Office Furnishings,9
271,DAX Value U-Channel Document FramesEasel Back,Office Furnishings,5
272,DAX Wood Document Frame.,Office Furnishings,14
273,Decoflex Hanging Personal Folder FileBlue,Storage & Organization,15
274,Decoflex Hanging Personal Folder File,Storage & Organization,15
275,Deflect-o DuraMat Antistatic Studded Beveled Mat for Medium Pile Carpeting,Office Furnishings,105
276,Deflect-o EconoMat NonstuddedNo Bevel Mat,Office Furnishings,52
277,Deflect-o EconoMat StuddedNo Bevel Mat for Low Pile Carpeting,Office Furnishings,41
278,Deflect-o Glass Clear Studded Chair Mats,Office Furnishings,62
279,Deflect-O Glasstique Clear Desk Accessories,Office Furnishings,8
280,Deflect-o RollaMat StuddedBeveled Mat for Medium Pile Carpeting,Office Furnishings,92
281,Deflect-o SuperTray Unbreakable Stackable TrayLetterBlack,Office Furnishings,29
282,Deluxe Rollaway Locking File with Drawer,Storage & Organization,416
283,Desktop 3-Pocket Hot File ,Storage & Organization,54
284,Dixon My First Ticonderoga Pencil#2,Pens & Art Supplies,6
285,DIXON Oriole Pencils,Pens & Art Supplies,3
286,Dixon Prang Watercolor Pencils10-Color Set with Brush,Pens & Art Supplies,4
287,Dixon Ticonderoga Core-Lock Colored Pencils48-Color Set,Pens & Art Supplies,37
288,Dixon Ticonderoga Core-Lock Colored Pencils,Pens & Art Supplies,9
289,DIXON Ticonderoga Erasable Checking Pencils,Pens & Art Supplies,6
290,Dixon Ticonderoga Erasable Colored Pencil Set12-Color,Pens & Art Supplies,6
291,DMI Eclipse Executive Suite Bookcases,Bookcases,501
292,Document Clip Frames,Office Furnishings,8
293,Dot Matrix Printer Tape Reel LabelsWhite5000/Box,Labels,98
294,DS/HD IBM Formatted Diskettes10/Pack - Staples,Computer Peripherals,5
295,DS/HD IBM Formatted Diskettes200/Pack - Staples,Computer Peripherals,48
296,Dual LevelSingle-Width Filing Carts,Storage & Organization,155
297,Durable Pressboard Binders,Binders and Binder Accessories,4
298,DXL Angle-View Binders with Locking RingsBlack,Binders and Binder Accessories,6
299,Economy Binders,Binders and Binder Accessories,2
300,Economy Rollaway Files,Storage & Organization,165
301,Eldon 200 Class Desk AccessoriesBurgundy,Office Furnishings,6
302,Eldon 200 Class Desk Accessories,Office Furnishings,6
303,Eldon 400 Class Desk AccessoriesBlack Carbon,Office Furnishings,9
304,Eldon 500 Class Desk Accessories,Office Furnishings,12
305,Eldon Advantage Foldable Chair Mats for Low Pile Carpets,Office Furnishings,54
306,Eldon Antistatic Chair Mats for Low to Medium Pile Carpets,Office Furnishings,105
307,Eldon Base for stackable storage shelfplatinum,Storage & Organization,39
308,Eldon Cleatmat Chair Mats for Medium Pile Carpets,Office Furnishings,56
309,Eldon Cleatmat Plus Chair Mats for High Pile Carpets,Office Furnishings,80
310,Eldon ClusterMat Chair Mat with Cordless Antistatic Protection,Office Furnishings,91
311,Eldon Delta Triangular Chair Mat52 x 58Clear,Office Furnishings,38
312,Eldon Econocleat Chair Mats for Low Pile Carpets,Office Furnishings,41
313,Eldon Executive Woodline II Cherry Finish Desk Accessories,Office Furnishings,41
314,Eldon Expressions Desk AccessoryWood Pencil HolderOak,Office Furnishings,10
315,Eldon Expressions Desk AccessoryWood Photo FrameMahogany,Office Furnishings,19
316,Eldon Expressions Mahogany Wood Desk Collection,Office Furnishings,6
317,Eldon Expressions Punched Metal & Wood Desk AccessoriesBlack & Cherry,Office Furnishings,9
318,Eldon Expressions Punched Metal & Wood Desk AccessoriesPewter & Cherry,Office Furnishings,11
319,Eldon Expressions Wood and Plastic Desk AccessoriesOak,Office Furnishings,10
320,Eldon Expressions Wood Desk AccessoriesOak,Office Furnishings,7
321,Eldon Gobal File Keepers,Storage & Organization,15
322,Eldon Image Series Black Desk Accessories,Office Furnishings,4
323,Eldon Image Series Desk AccessoriesBurgundy,Office Furnishings,4
324,Eldon Im ge Series Desk AccessoriesClear,Office Furnishings,5
325,Eldon Jumbo ProFile Portable File Boxes Graphite/Black,Storage & Organization,15
326,Eldon Pizzaz Desk Accessories,Office Furnishings,2
327,Eldon Portable Mobile Manager,Storage & Organization,28
328,Eldon Radial Chair Mat for Low to Medium Pile Carpets,Office Furnishings,40
329,Eldon Regeneration Recycled Desk AccessoriesSmoke,Office Furnishings,2
330,Eldon Shelf Savers Cubes and Bins,Storage & Organization,7
331,Eldon Simplefile Box Office ,Storage & Organization,12
332,Eldon Spacemaker BoxQuick-Snap LidClear,Pens & Art Supplies,3
333,Eldon Wave Desk Accessories,Office Furnishings,2
334,Eldon Wave Desk Accessories,Office Furnishings,6
335,Electrix 20W Halogen Replacement Bulb for Zoom-In Desk Lamp,Office Furnishings,13
336,Electrix Architect's Clamp-On Swing Arm LampBlack,Office Furnishings,95
337,Electrix Fluorescent Magnifier Lamps & Weighted Base,Office Furnishings,49
338,Electrix Halogen Magnifier Lamp,Office Furnishings,194
339,Elite 5 Scissors,ScissorsRulers and Trimmers,8
340,Epson C62 Color Inkjet Printer,Office Machines,120
341,Epson C82 Color Inkjet Printer,Office Machines,120
342,Epson DFX5000+ Dot Matrix Printer,Office Machines,1501
343,Epson DFX-8500 Dot Matrix Printer,Office Machines,2550
344,Epson FX-980 Dot Matrix Printer,Office Machines,401
345,Epson LQ-570e Dot Matrix Printer,Office Machines,271
346,Epson LQ-870 Dot Matrix Printer,Office Machines,536
347,Epson Stylus 1520 Color Inkjet Printer,Office Machines,501
348,Eureka Disposable Bags for Sanitaire Vibra Groomer I Upright Vac,Appliances,4
349,Eureka Hand VacuumBagless,Appliances,49
350,Eureka Sanitaire  Multi-Pro Heavy-Duty UprightDisposable Bags,Appliances,4
351,Eureka The Boss Cordless Rechargeable Stick Vac,Appliances,51
352,Euro Pro Shark Stick Mini Vacuum,Appliances,61
353,Executive Impressions 12 Wall Clock,Office Furnishings,18
354,Executive Impressions 13-1/2 Indoor/Outdoor Wall Clock,Office Furnishings,19
355,Executive Impressions 13 Chairman Wall Clock,Office Furnishings,25
356,Executive Impressions 13 Clairmont Wall Clock,Office Furnishings,19
357,Executive Impressions 14 Contract Wall Clock,Office Furnishings,22
358,Executive Impressions 14 Contract Wall Clock with Quartz Movement,Office Furnishings,22
359,Executive Impressions 14,Office Furnishings,22
360,Executive Impressions 14 Two-Color Numerals Wall Clock,Office Furnishings,23
361,Executive Impressions 8-1/2 Career Panel/Partition Cubicle Clock,Office Furnishings,10
362,Fellowes 17-key keypad for PS/2 interface,Computer Peripherals,31
363,Fellowes 8 Outlet Superior Workstation Surge Protector,Appliances,42
364,Fellowes 8 Outlet Superior Workstation Surge Protector w/o Phone/Fax/Modem Protection,Appliances,34
365,Fellowes Bankers Box Staxonsteel Drawer File/Stacking System,Storage & Organization,65
366,Fellowes Bankers Box Stor/Drawer Steel Plus ,Storage & Organization,32
367,Fellowes Bases and Tops For Staxonsteel /High-Stak Systems,Storage & Organization,33
368,Fellowes Basic 104-Key KeyboardPlatinum,Computer Peripherals,21
369,Fellowes Binding Cases,Binders and Binder Accessories,12
370,Fellowes Black Plastic Comb Bindings,Binders and Binder Accessories,6
371,Fellowes Command Center 5-outlet power strip,Appliances,68
372,Fellowes EZ Multi-Media Keyboard,Computer Peripherals,35
373,Fellowes High-Stak Drawer Files,Storage & Organization,176
374,Fellowes Internet KeyboardPlatinum,Computer Peripherals,30
375,Fellowes Mighty 8 Compact Surge Protector,Appliances,20
376,Fellowes Mobile Numeric KeypadGraphite,Computer Peripherals,43
377,Fellowes Neat Ideas Storage Cubes,Storage & Organization,32
378,Fellowes Officeware Wire Shelving,Storage & Organization,90
379,Fellowes PB300 Plastic Comb Binding Machine,Binders and Binder Accessories,388
380,Fellowes PB500 Electric Punch Plastic Comb Binding Machine with Manual Bind,Binders and Binder Accessories,1271
381,Fellowes Personal Hanging Folder FilesNavy,Storage & Organization,13
382,Fellowes Premier Superior Surge Suppressor10-OutletWith Phone and Remote,Appliances,49
383,Fellowes Recycled Storage Drawers,Storage & Organization,111
384,Fellowes Smart Design 104-Key Enhanced KeyboardPS/2 AdapterPlatinum,Computer Peripherals,56
385,Fellowes Smart Surge Ten-Outlet ProtectorPlatinum,Appliances,60
386,Fellowes Staxonsteel Drawer Files,Storage & Organization,193
387,Fellowes Stor/Drawer Steel Plus Storage Drawers,Storage & Organization,95
388,Fellowes Strictly Business Drawer FileLetter/Legal Size,Storage & Organization,141
389,Fellowes Superior 10 Outlet Split Surge Protector,Appliances,38
390,Fellowes Super Stor/Drawer Files,Storage & Organization,162
391,Fellowes Super Stor/Drawer ,Storage & Organization,28
392,Fellowes Twister KitGray/Clear3/pkg,Binders and Binder Accessories,8
393,File Shuttle II and Handi-FileBlack,Storage & Organization,34
394,Filing/Storage Totes and Swivel Casters,Storage & Organization,10
395,Fiskars 8 Scissors2/Pack,ScissorsRulers and Trimmers,17
396,Fiskars Softgrip Scissors,ScissorsRulers and Trimmers,11
397,Flat Face Poster Frame,Office Furnishings,19
398,Flexible Leather- Look Classic Collection Ring Binder,Binders and Binder Accessories,19
399,Fluorescent Highlighters by Dixon,Pens & Art Supplies,4
400,Fuji 5.2GB DVD-RAM,Computer Peripherals,41
401,Fuji Slim Jewel Case CD-R,Computer Peripherals,2
402,GBC Binding covers,Binders and Binder Accessories,13
403,GBC Clear Cover8-1/2 x 11unpunched25 covers per pack,Binders and Binder Accessories,15
404,GBC DocuBind 200 Manual Binding Machine,Binders and Binder Accessories,421
405,GBC DocuBind 300 Electric Binding Machine,Binders and Binder Accessories,526
406,GBC DocuBind P100 Manual Binding Machine,Binders and Binder Accessories,166
407,GBC DocuBind P50 Personal Binding Machine,Binders and Binder Accessories,64
408,GBC DocuBind TL200 Manual Binding Machine,Binders and Binder Accessories,224
409,GBC DocuBind TL300 Electric Binding System,Binders and Binder Accessories,897
410,GBC Durable Plastic Covers,Binders and Binder Accessories,19
411,GBC Imprintable Covers,Binders and Binder Accessories,11
412,GBC Instant Index System for Binding Systems,Binders and Binder Accessories,9
413,GBC Laser Imprintable Binding System CoversDesert Sand,Binders and Binder Accessories,14
414,GBC Plastic Binding Combs,Binders and Binder Accessories,7
415,GBC Poly Designer Binding Covers,Binders and Binder Accessories,17
416,GBC ProClick 150 Presentation Binding System,Binders and Binder Accessories,316
417,GBC ProClick Punch Binding System,Binders and Binder Accessories,64
418,GBC ProClick Spines for 32-Hole Punch,Binders and Binder Accessories,13
419,GBC Recycled Grain Textured Covers,Binders and Binder Accessories,35
420,GBC Recycled Regency Composition Covers,Binders and Binder Accessories,60
421,GBC Standard Plastic Binding Systems' Combs,Binders and Binder Accessories,6
422,GBC Standard Plastic Binding Systems Combs,Binders and Binder Accessories,9
423,GBC Standard Therm-A-Bind Covers,Binders and Binder Accessories,25
424,GBC Therma-A-Bind 250T Electric Binding System,Binders and Binder Accessories,123
425,GBC Twin Loop Wire Binding Elements9/16 SpineBlack,Binders and Binder Accessories,15
426,GBC VeloBinder Electric Binding Machine,Binders and Binder Accessories,121
427,GBC VeloBinder Strips,Binders and Binder Accessories,8
428,GBC White Gloss CoversPlain Front,Binders and Binder Accessories,14
429,GBC Wire Binding Strips,Binders and Binder Accessories,32
430,GE 48 Fluorescent TubeCool White Energy Saver34 Watts30/Box,Office Furnishings,99
431,GE 4 Foot Flourescent Tube40 Watt,Office Furnishings,15
432,G.E. Halogen Desk Lamp Bulbs,Office Furnishings,7
433,G.E. Longer-Life Indoor Recessed Floodlight Bulbs,Office Furnishings,7
434,Global Adaptabilities Conference Tables,Tables,281
435,Global Airflow Leather Mesh Back ChairBlack,Chairs & Chairmats,151
436,Global Commerce Series High-Back Swivel/Tilt Chairs,Chairs & Chairmats,285
437,Global Deluxe High-Back Office Chair in Storm,Chairs & Chairmats,136
438,Global Deluxe Office Fabric Chairs,Chairs & Chairmats,96
439,Global Deluxe Stacking ChairGray,Chairs & Chairmats,25
440,Global Deluxe Stacking ChairGray,Chairs & Chairmats,51
441,Global Enterprise Series Seating High-Back Swivel/Tilt Chairs,Chairs & Chairmats,271
442,Global Enterprise Series Seating Low-Back Swivel/Tilt Chairs,Chairs & Chairmats,259
443,Global Ergonomic Managers Chair,Chairs & Chairmats,181
444,Global High-Back Leather TilterBurgundy,Chairs & Chairmats,123
445,Global Leather and Oak Executive ChairBlack,Chairs & Chairmats,301
446,Global Leather Executive Chair,Chairs & Chairmats,351
447,Global Leather Highback Executive Chair with Pneumatic Height AdjustmentBlack,Chairs & Chairmats,201
448,Global Leather & Oak Executive ChairBurgundy,Chairs & Chairmats,151
449,Global Leather Task ChairBlack,Chairs & Chairmats,90
450,Global Push Button Manager's ChairIndigo,Chairs & Chairmats,61
451,Global Stack Chair without ArmsBlack,Chairs & Chairmats,26
452,Global Troy Executive Leather Low-Back Tilter,Chairs & Chairmats,501
453,Gould Plastics 9-Pocket Panel Bin18-3/8w x 5-1/4d x 20-1/2hBlack,Storage & Organization,53
454,Grip Seal Envelopes,Envelopes,4
455,Gyration RF Keyboard,Computer Peripherals,160
456,Gyration Ultra Cordless Optical Suite,Computer Peripherals,101
457,Gyration Ultra Professional Cordless Optical Suite,Computer Peripherals,301
458,Hand-Finished Solid Wood Document Frame,Office Furnishings,34
459,Hanging Personal Folder File,Storage & Organization,16
460,Harmony HEPA Quiet Air Purifiers,Appliances,12
461,Hayes Optima 56K V.90 Internal Voice Modem,Computer Peripherals,257
462,Heavy-Duty E-Z-D Binders,Binders and Binder Accessories,11
463,Hewlett-Packard 2600DN Business Color Inkjet Printer,Office Machines,120
464,Hewlett-Packard 4.7GB DVD+R Discs,Computer Peripherals,9
465,Hewlett Packard 6S Scientific Calculator,Office Machines,13
466,Hewlett-Packard Business Color Inkjet 3000 [NDTN] Series Printers,Office Machines,808
467,Hewlett-Packard cp1700 [DPS] Series Color Inkjet Printers,Office Machines,501
468,Hewlett-Packard Deskjet 1220Cse Color Inkjet Printer,Office Machines,401
469,Hewlett-Packard Deskjet 3820 Color Inkjet Printer,Office Machines,101
470,Hewlett-Packard Deskjet 5550 Color Inkjet Printer,Office Machines,116
471,Hewlett-Packard Deskjet 6122 Color Inkjet Printer,Office Machines,201
472,Hewlett-Packard Deskjet 940 REFURBISHED Color Inkjet Printer,Office Machines,81
473,Hewlett Packard LaserJet 3310 Copier,Copiers and Fax,600
474,High Speed Automatic Electric Letter Opener,ScissorsRulers and Trimmers,1638
475,Holmes 99% HEPA Air Purifier,Appliances,22
476,Holmes Cool Mist Humidifier for the Whole House with 8-Gallon Output per DayExtended Life Filter,Appliances,20
477,Holmes Harmony HEPA Air Purifier for 17 x 20 Room,Appliances,225
478,Holmes HEPA Air Purifier,Appliances,22
479,Holmes Odor Grabber,Appliances,14
480,Holmes Replacement Filter for HEPA Air CleanerLarge Room,Appliances,15
481,Holmes Replacement Filter for HEPA Air CleanerMedium Room,Appliances,11
482,Holmes Replacement Filter for HEPA Air CleanerVery Large RoomHEPA Filter,Appliances,69
483,Home/Office Personal File Carts,Storage & Organization,35
484,Hon 2090 Pillow Soft Series Mid Back Swivel/Tilt Chairs,Chairs & Chairmats,281
485,Hon 2111 Invitation Series Corner Table,Tables,209
486,Hon 4060 Series Tables,Tables,112
487,Hon 4060 Series Tables,Tables,61
488,Hon 4070 Series Pagoda Armless Upholstered Stacking Chairs,Chairs & Chairmats,292
489,Hon 4070 Series Pagoda Round Back Stacking Chairs,Chairs & Chairmats,321
490,Hon 4700 Series Mobuis Mid-Back Task Chairs with Adjustable Arms,Chairs & Chairmats,21
491,Hon 4700 Series Mobuis Mid-Back Task Chairs with Adjustable Arms,Chairs & Chairmats,356
492,Hon 4-Shelf Metal Bookcases,Bookcases,101
493,Hon 5100 Series Wood Tables,Tables,291
494,Hon 61000 Series Interactive Training Tables,Tables,44
495,Hon 94000 Series Round Tables,Tables,296
496,Hon Comfortask Task/Swivel Chairs,Chairs & Chairmats,114
497,Hon Deluxe Fabric Upholstered Stacking Chairs,Chairs & Chairmats,244
498,Hon Deluxe Fabric Upholstered Stacking ChairsRounded Back,Chairs & Chairmats,244
499,Hon Every-Day Chair Series Swivel Task Chairs,Chairs & Chairmats,121
500,Honeywell Enviracaire Portable Air Cleaner for up to 8 x 10 Room,Appliances,77
501,Honeywell Enviracaire Portable HEPA Air Cleaner for 17' x 22' Room,Appliances,301
502,Honeywell Enviracaire Portable HEPA Air Cleaner for up to 10 x 16 Room,Appliances,123
503,Honeywell Quietcare HEPA Air Cleaner,Appliances,79
504,Hon GuestStacker Chair,Chairs & Chairmats,227
505,Hon iLevel Computer Training Table,Tables,32
506,Hon Metal BookcasesBlack,Bookcases,71
507,Hon Metal BookcasesPutty,Bookcases,71
508,Hon Multipurpose Stacking Arm Chairs,Chairs & Chairmats,217
509,Hon Non-Folding Utility Tables,Tables,159
510,Hon Olson Stacker Stools,Chairs & Chairmats,141
511,Hon Pagoda Stacking Chairs,Chairs & Chairmats,321
512,Hon Rectangular Conference Tables,Tables,228
513,Hon Valutask Swivel Chairs,Chairs & Chairmats,101
514,Hoover Commercial Lightweight Upright Vacuum,Appliances,3
515,Hoover Commercial Lightweight Upright Vacuum with E-Z Empty Dirt Cup,Appliances,233
516,Hoover Commercial Soft Guard Upright Vacuum And Disposable Filtration Bags,Appliances,8
517,Hoover Portapower Portable Vacuum,Appliances,4
518,Hoover Replacement Belt for Commercial Guardsman Heavy-Duty Upright Vacuum,Appliances,2
519,Hoover Replacement Belts For Soft Guard & Commercial Ltweight Upright Vacs2/Pk,Appliances,4
520,Hoover Upright Vacuum With Dirt Cup,Appliances,290
521,Hoover WindTunnel Plus Canister Vacuum,Appliances,363
522,Hot File 7-PocketFloor Stand,Storage & Organization,178
523,Howard Miller 11-1/2 Diameter Ridgewood Wall Clock,Office Furnishings,52
524,Howard Miller 12-3/4 Diameter Accuwave DS  Wall Clock,Office Furnishings,79
525,Howard Miller 13-3/4 Diameter Brushed Chrome Round Wall Clock,Office Furnishings,52
526,Howard Miller 13 Diameter Goldtone Round Wall Clock,Office Furnishings,47
527,Howard Miller 16 Diameter Gallery Wall Clock,Office Furnishings,64
528,Howard Miller Distant Time Traveler Alarm Clock,Office Furnishings,27
529,Hunt Boston Vacuum Mount KS Pencil Sharpener,Pens & Art Supplies,35
530,Hunt BOSTON Vista Battery-Operated Pencil SharpenerBlack,Pens & Art Supplies,12
531,Ibico Covers for Plastic or Wire Binding Elements,Binders and Binder Accessories,12
532,Ibico EB-19 Dual Function Manual Binding System,Binders and Binder Accessories,173
533,Ibico EPK-21 Electric Binding System,Binders and Binder Accessories,1890
534,Ibico Hi-Tech Manual Binding System,Binders and Binder Accessories,305
535,Ibico Ibimaster 300 Manual Binding System,Binders and Binder Accessories,368
536,Ibico Laser Imprintable Binding System Covers,Binders and Binder Accessories,52
537,Ibico Presentation Index for Binding Systems,Binders and Binder Accessories,4
538,Ibico Recycled Linen-Style Covers,Binders and Binder Accessories,39
539,IBM 80 Minute CD-R Spindle50/Pack,Computer Peripherals,21
540,IBM Active Response KeyboardBlack,Computer Peripherals,40
541,IBM Numeric Access II Keypad17-KeyBlack,Computer Peripherals,36
542,Iceberg Mobile Mega Data/Printer Cart ,Storage & Organization,120
543,Iceberg OfficeWorks 42 Round Tables,Tables,151
544,Iceberg OfficeWorks 42 Round Tables,Tables,5
545,Imation 3.5DISKETTE 44766 HGHLD3.52HD/FM10/Pack,Computer Peripherals,5
546,Imation 3.5DISKETTE 44766 HGHLD3.52HD/FM10/Pack,Computer Peripherals,5
547,Imation 3.5 DiskettesIBM FormatDS/HD10/BoxNeon,Computer Peripherals,31
548,Imation 3.5 DS/HD IBM Formatted Diskettes10/Pack,Computer Peripherals,6
549,Imation 3.5 DS/HD IBM Formatted Diskettes50/Pack,Computer Peripherals,16
550,Imation 3.5 DS-HD Macintosh Formatted Diskettes10/Pack,Computer Peripherals,7
551,Imation 3.5 IBM Diskettes10/Box,Computer Peripherals,8
552,Imation 3.5 IBM Formatted Diskettes10/Box,Computer Peripherals,8
553,Imation 3.5 IBM-Formatted Diskettes10/Pack,Computer Peripherals,6
554,Imation 3.5RTS 247544 3M 3.5 DSDD10/Pack,Computer Peripherals,8
555,Imation 3.5 Unformatted DS/HD Diskettes10/Box,Computer Peripherals,7
556,Imation 5.2GB DVD-RAM,Computer Peripherals,61
557,Imation DVD-RAM discs,Computer Peripherals,35
558,Imation IBM Formatted Diskettes100/Pack,Computer Peripherals,28
559,Imation Neon 80 Minute CD-R Spindle50/Pack,Computer Peripherals,34
560,Imation Neon Mac Format Diskettes10/Pack,Computer Peripherals,8
561,Imation Primaris 3.5 2HD Unformatted Diskettes10/Pack,Computer Peripherals,5
562,Imation Printable White 80 Minute CD-R Spindle50/Pack,Computer Peripherals,41
563,Iris 3-Drawer Stacking BinBlack,Storage & Organization,21
564,Iris Project Case,Storage & Organization,8
565,Jet-Pak Recycled Peel 'N' Seal Padded Mailers,Envelopes,36
566,JM Magazine Binder,Binders and Binder Accessories,17
567,Kensington 4 Outlet MasterPiece Compact Power Control Center,Appliances,81
568,Kensington 6 Outlet Guardian Standard Surge Protector,Appliances,20
569,Kensington 6 Outlet MasterPiece HOMEOFFICE Power Control Center,Appliances,90
570,Kensington 6 Outlet SmartSocket Surge Protector,Appliances,41
571,Kensington 7 Outlet MasterPiece HOMEOFFICE Power Control Center,Appliances,131
572,Kensington 7 Outlet MasterPiece Power Center,Appliances,178
573,Kensington 7 Outlet MasterPiece Power Center with Fax/Phone Line Protection,Appliances,207
574,Keytronic 105-Key Spanish Keyboard,Computer Peripherals,74
575,Keytronic Designer 104- Key Black Keyboard,Computer Peripherals,40
576,Keytronic French Keyboard,Computer Peripherals,74
577,KI Conference Tables,Tables,71
578,Kleencut Forged Office Shears by Acme United Corporation,ScissorsRulers and Trimmers,2
579,Laminate Occasional Tables,Tables,154
580,Large Capacity Hanging Post Binders,Binders and Binder Accessories,25
581,Laser & Ink Jet Business Envelopes,Envelopes,11
582,Lesro Round Back Collection Coffee TableEnd Table,Tables,183
583,Lesro Sheffield Collection Coffee TableEnd TableCenter TableCorner Table,Tables,71
584,Letter/Legal File Tote with Clear Snap-On LidBlack Granite,Storage & Organization,16
585,Letter or Legal Size Expandable Poly String Tie Envelopes,Envelopes,3
586,Letter Size Cart,Storage & Organization,143
587,Letter Slitter,ScissorsRulers and Trimmers,3
588,Lexmark 4227 Plus Dot Matrix Printer,Office Machines,2036
589,Lexmark Z25 Color Inkjet Printer,Office Machines,81
590,Lexmark Z54se Color Inkjet Printer,Office Machines,91
591,Lexmark Z55se Color Inkjet Printer,Office Machines,91
592,Lifetime Advantage Folding Chairs4/Carton,Chairs & Chairmats,218
593,Linden 12 Wall Clock With Oak Frame,Office Furnishings,34
594,Lock-Up Easel 'Spel-Binder',Binders and Binder Accessories,29
595,Logitech Access Keyboard,Computer Peripherals,16
596,Logitech Cordless Access Keyboard,Computer Peripherals,30
597,Logitech Cordless Elite Duo,Computer Peripherals,101
598,Logitech Cordless Keyboard,Computer Peripherals,35
599,Logitech Cordless Navigator Duo,Computer Peripherals,81
600,Logitech Internet Navigator Keyboard,Computer Peripherals,31
601,Lumber Crayons,Pens & Art Supplies,10
602,Luxo Economy Swing Arm Lamp,Office Furnishings,20
603,Luxo Professional Combination Clamp-On Lamps,Office Furnishings,102
604,Luxo Professional Fluorescent Magnifier Lamp with Clamp-Mount Base,Office Furnishings,210
605,Magna Visual Magnetic Picture Hangers,Office Furnishings,5
606,Manila Recycled Extra-Heavyweight Clasp Envelopes6 x 9,Envelopes,11
607,Martin-Yale Premier Letter Opener,ScissorsRulers and Trimmers,13
608,Master Big Foot DoorstopBeige,Office Furnishings,5
609,Master Caster Door StopBrown,Office Furnishings,5
610,Master Caster Door StopGray,Office Furnishings,5
611,Master Caster Door StopLarge Neon Orange,Office Furnishings,7
612,Master Giant Foot DoorstopSafety Yellow,Office Furnishings,8
613,Maxell 3.5 DS/HD IBM-Formatted Diskettes10/Pack,Computer Peripherals,5
614,Maxell 4.7GB DVD-R,Computer Peripherals,28
615,Maxell DVD-RAM Discs,Computer Peripherals,16
616,Maxell Pro 80 Minute CD-R10/Pack,Computer Peripherals,17
617,Mead 1st Gear 2 Zipper BinderAsst. Colors,Binders and Binder Accessories,13
618,Memorex 4.7GB DVD+R3/Pack,Computer Peripherals,15
619,Memorex 4.7GB DVD-RAM3/Pack,Computer Peripherals,32
620,Memorex 4.7GB DVD+RW3/Pack,Computer Peripherals,28
621,Memorex 80 Minute CD-R30/Pack,Computer Peripherals,23
622,Memorex 80 Minute CD-R Spindle100/Pack,Computer Peripherals,44
623,Memorex 'Cool' 80 Minute CD-R Spindle25/Pack,Computer Peripherals,17
624,Memorex Slim 80 Minute CD-R10/Pack,Computer Peripherals,10
625,Metal Folding ChairsBeige4/Carton,Chairs & Chairmats,2
626,Metal Folding ChairsBeige4/Carton,Chairs & Chairmats,34
627,Micro Innovations 104 Keyboard,Computer Peripherals,11
628,Micro Innovations Media Access Pro Keyboard,Computer Peripherals,78
629,Micro Innovations Micro 3000 KeyboardBlack,Computer Peripherals,26
630,Micro Innovations Micro Digital Wireless Keyboard and MouseGray,Computer Peripherals,83
631,Microsoft Internet Keyboard,Computer Peripherals,21
632,Microsoft Multimedia Keyboard,Computer Peripherals,31
633,Microsoft Natural Keyboard Elite,Computer Peripherals,40
634,Microsoft Natural Multimedia Keyboard,Computer Peripherals,51
635,Model L Table or Wall-Mount Pencil Sharpener,Pens & Art Supplies,18
636,Motorola SB4200 Cable Modem,Computer Peripherals,180
637,Multimedia Mailers,Envelopes,163
638,Multi-Use Personal File Cart and Caster SetThree Stacking Bins,Storage & Organization,35
639,Newell 307,Pens & Art Supplies,2
640,Newell 308,Pens & Art Supplies,2
641,Newell 309,Pens & Art Supplies,12
642,Newell 310,Pens & Art Supplies,2
643,Newell 312,Pens & Art Supplies,6
644,Newell 314,Pens & Art Supplies,6
645,Newell 315,Pens & Art Supplies,6
646,Newell 318,Pens & Art Supplies,3
647,Newell 31,Pens & Art Supplies,4
648,Newell 320,Pens & Art Supplies,4
649,Newell 321,Pens & Art Supplies,3
650,Newell 323,Pens & Art Supplies,2
651,Newell 325,Pens & Art Supplies,4
652,Newell 326,Pens & Art Supplies,2
653,Newell 327,Pens & Art Supplies,2
654,Newell 329,Pens & Art Supplies,3
655,Newell 332,Pens & Art Supplies,3
656,Newell 333,Pens & Art Supplies,3
657,Newell 335,Pens & Art Supplies,3
658,Newell 336,Pens & Art Supplies,4
659,Newell 337,Pens & Art Supplies,3
660,Newell 338,Pens & Art Supplies,3
661,Newell 339,Pens & Art Supplies,3
662,Newell 340,Pens & Art Supplies,3
663,Newell 342,Pens & Art Supplies,3
664,Newell 343,Pens & Art Supplies,3
665,Newell 346,Pens & Art Supplies,3
666,Newell 351,Pens & Art Supplies,3
667,Newell 35,Pens & Art Supplies,3
668,Newell 3-Hole Punched Plastic Slotted Magazine Holders for Binders,Binders and Binder Accessories,5
669,Novimex Fabric Task Chair,Chairs & Chairmats,61
670,Novimex High-Tech Fabric Mesh Task Chair,Chairs & Chairmats,71
671,Novimex Swivel Fabric Task Chair,Chairs & Chairmats,151
672,Novimex Turbo Task Chair,Chairs & Chairmats,71
673,Nu-Dell Executive Frame,Office Furnishings,13
674,Nu-Dell Leatherette Frames,Office Furnishings,14
675,Nu-Form 106-Key Ergonomic Keyboard w/ Touchpad,Computer Peripherals,54
676,Office Impressions Heavy Duty Welded Shelving & Multimedia Storage Drawers,Storage & Organization,167
677,Office Star - Contemporary Task Swivel chair with 2-way adjustable armsPlum,Chairs & Chairmats,131
678,Office Star - Ergonomic Mid Back Chair with 2-Way Adjustable Arms,Chairs & Chairmats,181
679,Office Star Flex Back Scooter Chair with Aluminum Finish Frame,Chairs & Chairmats,101
680,Office Star Flex Back Scooter Chair with White Frame,Chairs & Chairmats,111
681,Office Star - Mid Back Dual function Ergonomic High Back Chair with 2-Way Adjustable Arms,Chairs & Chairmats,161
682,Office Star - Professional Matrix Back Chair with 2-to-1 Synchro Tilt and Mesh Fabric Seat,Chairs & Chairmats,351
683,Office Star - Professional Matrix Back Chair with 2-to-1 Synchro Tilt and Mesh Fabric Seat,Chairs & Chairmats,39
684,Office Star - Task Chair with Contemporary Loop Arms,Chairs & Chairmats,91
685,OIC Bulk Pack Metal Binder Clips,Rubber Bands,3
686,OIC Colored Binder ClipsAssorted Sizes,Rubber Bands,4
687,OIC Thumb-Tacks,Rubber Bands,1
688,Okidata ML184 Turbo Dot Matrix Printers,Office Machines,306
689,Okidata ML320 Series Turbo Dot Matrix Printers,Office Machines,400
690,Okidata ML390 Turbo Dot Matrix Printers,Office Machines,442
691,Okidata ML395C Color Dot Matrix Printer,Office Machines,1360
692,Okidata ML520 Series Dot Matrix Printers,Office Machines,510
693,Okidata ML591 Wide Format Dot Matrix Printer,Office Machines,811
694,Okidata Pacemark 4410N Wide Format Dot Matrix Printer,Office Machines,3502
695,O'Sullivan 2-Shelf Heavy-Duty Bookcases,Bookcases,49
696,O'Sullivan 3-Shelf Heavy-Duty Bookcases,Bookcases,58
697,O'Sullivan 4-Shelf Bookcase in Odessa Pine,Bookcases,121
698,O'Sullivan 5-Shelf Heavy-Duty Bookcases,Bookcases,82
699,O'Sullivan Cherrywood Estates Traditional Barrister Bookcase,Bookcases,137
700,O'Sullivan Elevations BookcaseCherry Finish,Bookcases,131
701,O'Sullivan Living Dimensions 2-Shelf Bookcases,Bookcases,121
702,O'Sullivan Living Dimensions 3-Shelf Bookcases,Bookcases,201
703,O'Sullivan Manor Hill 2-Door Library in Brianna Oak,Bookcases,181
704,Panasonic KP-150 Electric Pencil Sharpener,Pens & Art Supplies,38
705,Panasonic KP-310 Heavy-Duty Electric Pencil Sharpener,Pens & Art Supplies,22
706,Panasonic KP-350BK Electric Pencil Sharpener with Auto Stop,Pens & Art Supplies,35
707,Panasonic KX-P1131 Dot Matrix Printer,Office Machines,265
708,Panasonic KX-P1150 Dot Matrix Printer,Office Machines,145
709,Panasonic KX-P2130 Dot Matrix Printer,Office Machines,213
710,Panasonic KX-P3200 Dot Matrix Printer,Office Machines,297
711,Panasonic KX-P3200 Dot Matrix Printer,Office Machines,298
712,Panasonic KX-P3626 Dot Matrix Printer,Office Machines,517
713,Park Ridge Embossed Executive Business Envelopes,Envelopes,16
714,PC Concepts 116 Key Quantum 3000 Keyboard,Computer Peripherals,33
715,Peel-Off China Markers,Pens & Art Supplies,10
716,Peel & Seel Recycled Catalog EnvelopesBrown,Envelopes,12
717,Peel & Stick Add-On Corner Pockets,Binders and Binder Accessories,2
718,Perma STOR-ALL Hanging File Box13 1/8W x 12 1/4D x 10 1/2H,Storage & Organization,6
719,Pizazz Global Quick File ,Storage & Organization,15
720,Plastic Binding Combs,Binders and Binder Accessories,15
721,Plymouth Boxed Rubber Bands by Plymouth,Rubber Bands,5
722,Polycom ViaVideo Desktop Video Communications Unit,Office Machines,575
723,Polycom ViewStation Adapter H323 Videoconferencing Unit,Office Machines,1938
724,Polycom ViewStation ISDN Videoconferencing Unit,Office Machines,6783
725,Polycom VoiceStation 100,Office Machines,301
726,Poly Designer Cover & Back,Binders and Binder Accessories,19
727,Portable Personal File Box,Storage & Organization,12
728,Portfile Personal File Boxes,Storage & Organization,18
729,Prang Colored Pencils,Pens & Art Supplies,3
730,Prang Drawing Pencil Set,Pens & Art Supplies,3
731,Prang Dustless Chalk Sticks,Pens & Art Supplies,2
732,Premier Elliptical Ring BinderBlack,Binders and Binder Accessories,30
733,Premium Transparent Presentation Covers by GBC,Binders and Binder Accessories,21
734,Premium Writing PencilsSoft#2 by Central Association for the Blind,Pens & Art Supplies,3
735,Pressboard Covers with Storage Hooks9 1/2 x 11Light Blue,Binders and Binder Accessories,5
736,Pressboard Data BinderCrimson12 X 8 1/2,Binders and Binder Accessories,5
737,Presstex Flexible Ring Binders,Binders and Binder Accessories,5
738,Prismacolor Color Pencil Set,Pens & Art Supplies,20
739,Project Tote Personal File,Storage & Organization,14
740,Quality Park Security Envelopes,Envelopes,26
741,Quartet Alpha White Chalk12/Pack,Pens & Art Supplies,2
742,Quartet Omega Colored Chalk12/Pack,Pens & Art Supplies,6
743,Recycled Eldon Regeneration Jumbo File,Storage & Organization,12
744,Recycled Interoffice Envelopes with Re-Use-A-Seal Closure10 x 13,Envelopes,17
745,Recycled Interoffice Envelopes with String and Button Closure10 x 13,Envelopes,24
746,Recycled Premium Regency Composition Covers,Binders and Binder Accessories,15
747,Recycled Steel Personal File for Standard File Folders,Storage & Organization,55
748,Regeneration Desk Collection,Office Furnishings,2
749,Revere Boxed Rubber Bands by Revere,Rubber Bands,2
750,Riverside Furniture Stanwyck Manor Table Series,Tables,287
751,Riverside Palais Royal Lawyers BookcaseRoyale Cherry Finish,Bookcases,881
752,Rogers Handheld Barrel Pencil Sharpener,Pens & Art Supplies,3
753,Rogers Profile Extra Capacity Storage Tub,Storage & Organization,17
754,Round Ring Binders,Binders and Binder Accessories,2
755,Round Specialty Laser Printer Labels,Labels,13
756,Rubber Band Ball,Rubber Bands,4
757,Rubbermaid ClusterMat ChairmatsMat Size- 66 x 60Lip 20 x 11 -90 Degree Angle,Office Furnishings,111
758,Rush Hierlooms Collection 1 Thick Stackable Bookcases,Bookcases,171
759,Rush Hierlooms Collection Rich Wood Bookcases,Bookcases,161
760,SAFCO Arco Folding Chair,Chairs & Chairmats,276
761,SAFCO Boltless Steel Shelving,Storage & Organization,114
762,SAFCO Commercial Wire ShelvingBlack,Storage & Organization,138
763,Safco Contoured Stacking Chairs,Chairs & Chairmats,238
764,SAFCO Folding Chair Trolley,Chairs & Chairmats,128
765,Safco Industrial Wire Shelving,Storage & Organization,96
766,SAFCO Mobile Desk Side FileWire Frame,Storage & Organization,43
767,SAFCO Optional Arm Kit for Workspace Cribbage Stacking Chair,Chairs & Chairmats,27
768,SAFCO PlanMaster Heigh-Adjustable Drafting Table Base43w x 30d x 30-37hBlack,Tables,349
769,Safco Value Mate Steel BookcaseBaked Enamel Finish on SteelBlack,Bookcases,71
770,Sanford 52201 APSCO Electric Pencil Sharpener,Pens & Art Supplies,41
771,Sanford Colorific Colored Pencils12/Box,Pens & Art Supplies,3
772,Sanford Colorific Eraseable Coloring Pencils12 Count,Pens & Art Supplies,3
773,Sanford EarthWrite Recycled PencilsMedium Soft#2,Pens & Art Supplies,2
774,Sanford Liquid Accent Highlighters,Pens & Art Supplies,7
775,SANFORD Liquid Accent Tank-Style Highlighters,Pens & Art Supplies,3
776,SANFORD Major Accent Highlighters,Pens & Art Supplies,7
777,Sanford Pocket Accent Highlighters,Pens & Art Supplies,2
778,Sanford Prismacolor Professional Thick Lead Art Pencils36-Color Set,Pens & Art Supplies,37
779,Sanford Uni-Blazer View HighlightersChisel TipYellow,Pens & Art Supplies,2
780,Sanyo 2.5 Cubic Foot Mid-Size Office Refrigerators,Appliances,280
781,Sanyo Counter Height Refrigerator with Crisper3.6 Cubic FootStainless Steel/Black,Appliances,328
782,Satellite Sectional Post Binders,Binders and Binder Accessories,43
783,Sauder Camden County Barrister BookcasePlanked Cherry Finish,Bookcases,121
784,Sauder Camden County Collection LibrariesPlanked Cherry Finish,Bookcases,115
785,Sauder Camden County Collection Library,Bookcases,115
786,Sauder Facets Collection Locker/File CabinetSky Alder Finish,Storage & Organization,371
787,Sauder Forest Hills LibraryWoodland Oak Finish,Bookcases,141
788,Security-Tint Envelopes,Envelopes,8
789,Self-Adhesive Address Labels for Typewriters by Universal,Labels,7
790,Self-Adhesive Removable Labels,Labels,3
791,Self-Adhesive Ring Binder Labels,Binders and Binder Accessories,4
792,Sensible Storage WireTech Storage Systems,Storage & Organization,71
793,Serrated Blade or Curved Handle Hand Letter Openers,ScissorsRulers and Trimmers,3
794,Seth Thomas 12 Clock w/ Goldtone Case,Office Furnishings,23
795,Seth Thomas 13 1/2 Wall Clock,Office Furnishings,18
796,Seth Thomas 14 Putty-Colored Wall Clock,Office Furnishings,29
797,Seth Thomas 8 1/2 Cubicle Clock,Office Furnishings,20
798,Sharp 1540cs Digital Laser Copier,Copiers and Fax,550
799,Sharp AL-1530CS Digital Copier,Copiers and Fax,500
800,Sharp EL500L Fraction Calculator,Office Machines,14
801,Sharp EL501VB Scientific CalculatorBattery Operated10-Digit DisplayHard Case,Office Machines,9
802,SimpliFile Personal FileBlack Granite15w x 6-15/16d x 11-1/4h,Storage & Organization,11
803,Situations Contoured Folding Chairs4/Set,Chairs & Chairmats,71
804,Smead Adjustable Mobile File Trolley with Lockable Top,Storage & Organization,419
805,Smead Alpha-Z Color-Coded Name Labels First Letter Starter Set,Labels,4
806,Sony IBM Color Diskettes25/Pack,Computer Peripherals,1
807,Sony MFD2HD Formatted Diskettes10/Pack,Computer Peripherals,6
808,Soundgear Copyboard Conference PhoneOptional Battery,Office Machines,204
809,Soundgear TeleForum DX Desktop Conference Phone,Office Machines,96
810,Space Solutions Commercial Steel Shelving,Storage & Organization,65
811,Space Solutions Industrial Galvanized Steel Shelving.,Storage & Organization,79
812,Stacking TraySide-LoadingLegalSmoke,Office Furnishings,4
813,Stanley Bostitch Contemporary Electric Pencil Sharpeners,Pens & Art Supplies,17
814,Staples #10 Colored Envelopes,Envelopes,8
815,Staples #10 Laser & Inkjet Envelopes4 1/8 x 9 1/2100/Box,Envelopes,10
816,Staples 10 Round Wall Clock,Office Furnishings,10
817,Staples 4 Outlet Surge Protector,Appliances,9
818,Staples 6 Outlet Surge,Appliances,12
819,Staples Battery-Operated Desktop Pencil Sharpener,Pens & Art Supplies,10
820,Staples Brown Kraft Recycled Clasp Envelopes,Envelopes,6
821,Staples Bulldog Clip,Rubber Bands,4
822,Staples Colored Interoffice Envelopes,Envelopes,31
823,Staples File Caddy,Storage & Organization,9
824,Staples General Use 3-Ring Binders,Binders and Binder Accessories,2
825,*Staples* Highlighting Markers,Pens & Art Supplies,5
826,*Staples* Letter Opener,ScissorsRulers and Trimmers,2
827,Staples Metal Binder Clips,Rubber Bands,3
828,*Staples* Packaging Labels,Labels,3
829,Staples Pen Style Liquid Stix; Assorted (yellowpinkgreenblueorange)5/Pack,Pens & Art Supplies,6
830,Staples Plastic Wall Frames,Office Furnishings,48
831,Staples Plastic Wall Frames,Office Furnishings,8
832,Staples Pushpins,Rubber Bands,2
833,Staples SlimLine Pencil Sharpener,Pens & Art Supplies,12
834,Staples Standard Envelopes,Envelopes,6
835,Staples Surge Protector 6 outlet,Appliances,11
836,*Staples* vLetter Openers2/Pack,ScissorsRulers and Trimmers,4
837,Steel Personal Filing/Posting Tote,Storage & Organization,36
838,Sterling Rubber Bands by Alliance,Rubber Bands,5
839,Stockwell Push Pins,Rubber Bands,2
840,Storex Dura Pro Binders,Binders and Binder Accessories,6
841,Storex DuraTech Recycled Plastic Frosted Binders,Binders and Binder Accessories,4
842,Super Bands12/Pack,Rubber Bands,2
843,Super Decoflex Portable Personal File,Storage & Organization,15
844,Surelock Post Binders,Binders and Binder Accessories,31
845,Targus USB Numeric Keypad,Computer Peripherals,41
846,TDK 4.7GB DVD-R,Computer Peripherals,10
847,TDK 4.7GB DVD-R Spindle15/Pack,Computer Peripherals,41
848,TDK 4.7GB DVD+RW,Computer Peripherals,14
849,Telescoping Adjustable Floor Lamp,Office Furnishings,20
850,Tenex 46 x 60 Computer Anti-Static ChairmatRectangular Shaped,Office Furnishings,106
851,Tenex Antistatic Computer Chair Mats,Office Furnishings,171
852,Tenex B1-RE Series Chair Mats for Low Pile Carpets,Office Furnishings,2
853,Tenex B1-RE Series Chair Mats for Low Pile Carpets,Office Furnishings,46
854,Tenex CarpetedGranite-Look or Clear Contemporary Contour Shape Chair Mats,Office Furnishings,71
855,Tenex Contemporary Contur Chairmats for Low and Medium Pile CarpetComputer39 x 49,Office Furnishings,108
856,Tenex File BoxPersonal Filing Tote with LidBlack,Storage & Organization,16
857,Tenex Personal Filing Tote With Secure Closure LidBlack/Frost,Storage & Organization,16
858,Tenex Personal Project File with Scoop Front DesignBlack,Storage & Organization,13
859,Tenex Personal Self-Stacking Standard File BoxBlack/Gray,Storage & Organization,17
860,Tenex Traditional Chairmats for Medium Pile CarpetStandard Lip36 x 48,Office Furnishings,61
861,Tennsco Commercial Shelving,Storage & Organization,20
862,Tennsco Double-Tier Lockers,Storage & Organization,225
863,Tennsco Industrial Shelving,Storage & Organization,49
864,Tennsco LockersGray,Storage & Organization,21
865,Tennsco LockersSand,Storage & Organization,21
866,Tennsco Regal Shelving Units,Storage & Organization,101
867,Tennsco Snap-Together Open Shelving UnitsStarter Sets and Add-On Units,Storage & Organization,279
868,Tensor Computer Mounted Lamp,Office Furnishings,15
869,Tensor Hersey Kiss Styled Floor Lamp,Office Furnishings,13
870,TI 30X Scientific Calculator,Office Machines,12
871,TI 36X Solar Scientific Calculator,Office Machines,24
872,Trav-L-File Heavy-Duty Shuttle IIBlack,Storage & Organization,44
873,Trimflex Flexible Post Binders,Binders and Binder Accessories,21
874,Tripp Lite Isotel 6 Outlet Surge Protector with Fax/Modem Protection,Appliances,61
875,Tripp Lite Isotel 8 Ultra 8 Outlet Metal Surge,Appliances,71
876,Tuff Stuff Recycled Round Ring Binders,Binders and Binder Accessories,5
877,Turquoise Lead Holder with Pocket Clip,Pens & Art Supplies,7
878,Tyvek Interoffice Envelopes9 1/2 x 12 1/2100/Box,Envelopes,61
879,Tyvek Side-Opening Peel & Seel Expanding Envelopes,Envelopes,90
880,Tyvek  Top-Opening Peel & Seel  EnvelopesGray,Envelopes,36
881,Tyvek  Top-Opening Peel & Seel EnvelopesPlain White,Envelopes,27
882,Ultra Commercial Grade Dual Valve Door Closer,Office Furnishings,40
883,Ultra Door Pull Handle,Office Furnishings,11
884,Ultra Door Push Plate,Office Furnishings,5
885,UniKeep View Case Binders,Binders and Binder Accessories,5
886,U.S. Robotics 56K Internet Call Modem,Computer Peripherals,100
887,US Robotics 56K V.92 External Faxmodem,Computer Peripherals,100
888,US Robotics 56K V.92 Internal PCI Faxmodem,Computer Peripherals,50
889,Verbatim 4.7GB DVD-R,Computer Peripherals,33
890,Verbatim DVD-R3.95GBSRMitsubishi BrandedJewel,Computer Peripherals,22
891,Verbatim DVD-R 4.7GB authoring disc,Computer Peripherals,39
892,Verbatim DVD-R4.7GBSpindleWEBlankInk Jet/Thermal20/Spindle,Computer Peripherals,116
893,Verbatim DVD-RAM5.2GBRewritableType 1DS,Computer Peripherals,30
894,Verbatim DVD-RAM9.4GBRewritableType 1DSDataLife Plus,Computer Peripherals,45
895,Vinyl Sectional Post Binders,Binders and Binder Accessories,38
896,Westinghouse Clip-On Gooseneck Lamps,Office Furnishings,8
897,Westinghouse Floor Lamp with Metal Mesh ShadeBlack,Office Furnishings,24
898,Westinghouse Floor Lamp with Metal Mesh ShadeBlack,Office Furnishings,26
899,White Business Envelopes with Contemporary SeamRecycled White Business Envelopes,Envelopes,11
900,Wilson Jones 14 Line Acrylic Coated Pressboard Data Binders,Binders and Binder Accessories,5
901,Wilson Jones 1 Hanging DublLock Ring Binders,Binders and Binder Accessories,5
902,Wilson Jones Custom Binder Spines & Labels,Binders and Binder Accessories,5
903,Wilson Jones DublLock D-Ring Binders,Binders and Binder Accessories,7
904,Wilson Jones Easy Flow II Sheet Lifters,Binders and Binder Accessories,2
905,Wilson Jones Elliptical Ring 3 1/2 Capacity Binders800 sheets,Binders and Binder Accessories,43
906,Wilson Jones Four-Pocket Poly Binders,Binders and Binder Accessories,7
907,Wilson Jones Hanging View BinderWhite1,Binders and Binder Accessories,7
908,Wilson Jones Impact Binders,Binders and Binder Accessories,5
909,Wilson Jones Ledger-SizePiano-Hinge Binder2Blue,Binders and Binder Accessories,41
910,Wilson Jones Snap Scratch Pad Binder Tool for Ring Binders,Binders and Binder Accessories,6
911,Wilson Jones Suede Grain Vinyl Binders,Binders and Binder Accessories,3
912,Wilson Jones Turn Tabs Binder Tool for Ring Binders,Binders and Binder Accessories,5
913,Zebra Zazzle Fluorescent Highlighters,Pens & Art Supplies,6
914,Zoom V.92 USB External Faxmodem,Computer Peripherals,50
915,Zoom V.92 V.44 PCI Internal Controllerless FaxModem,Computer Peripherals,40
917,"Alienware 17",laptop,2269
918,"Dell XPS 15 (2014)",laptop,2020
919,"Asus Transformer Book T100",laptop,374
920,"Dell Inspiron 15 7000",laptop,849
921,"Lenovo IdeaPad Y510P",laptop,1199
922,"ASUS Transformer Book T100 v2",laptop,374
923,"Aorus X7v2",laptop,2089
924,"Apple MacBook Air 11-inch (2014)",laptop,1029
925,"Acer C720 Chromebook",laptop,199
926,"Lenovo ThinkPad T440S",laptop,1423
927,"Lenovo ThinkPad X1 Carbon (2014)",laptop,1704
928,"Lenovo ThinkPad Yoga S1",laptop,1218
929,"Dell XPS 13 (2014)",laptop,1449
930,"HP Zbook 14",laptop,2133
931,"Alienware 18",laptop,2195
932,"MSI GT70 Dominator 2PC",laptop,1841
933,"Dell Inspiron 14 7000 Series",laptop,989
934,"Asus C200M Chromebook",laptop,229
935,"HP ZBook 17 Mobile Workstation",laptop,1799
936,"Dell Inspiron 14 7000 Series v2",laptop,989
937,"Samsung ATIV Book 9 Lite (NP905S3G)",laptop,849
938,"INHON CarbonBook",laptop,0
939,"Lenovo IdeaPad Flex 14",laptop,649
940,"HP EliteBook 1040 G1",laptop,1937
941,"Sony VAIO Pro 11",laptop,979
942,"Lenovo IdeaPad Yoga 2 Pro",laptop,1119
943,"Acer Aspire S7 (2013)",laptop,1199
944,"Microsoft Surface Pro 3",laptop,1007
945,"HP EliteBook 850",laptop,1366
946,"Dell Chromebook 11",laptop,229
947,"Toshiba KIRAbook",laptop,1059
948,"Eurocom X5",laptop,2999
949,"Dell XPS 11",laptop,747
950,"Sony VAIO Duo 13",laptop,1099
951,"HP Spectre 13 X2",laptop,659
952,"Dell Latitude 7440",laptop,849
953,"Lenovo ThinkPad S431 Ultrabook",laptop,1149
954,"Alienware 14",laptop,899
955,"AVADirect Clevo P157SM-A",laptop,1319
956,"ASUS Vivobook V500CA",laptop,498
957,"Asus ZenBook UX51VZ-XB71",laptop,1249
958,"Lenovo ThinkPad Edge E431",laptop,589
959,"Toshiba CB30-A3120 Chromebook",laptop,299
960,"AVADirect Clevo W230ST",laptop,1376
961,"Samsung ATIV Book 6",laptop,1329
962,"Lenovo ThinkPad T431s",laptop,1290
963,"HP Pavilion Touchsmart 11z",laptop,369
964,"MSI GT70",laptop,1399
965,"Razer Blade",laptop,2399
